OrderID,LastName,FirstName
10248,Buchanan,Steven
10249,Suyama,Michael
10250,Peacock,Margaret
10251,Leverling,Janet
10252,Peacock,Margaret
10253,Leverling,Janet
10254,Buchanan,Steven
10255,Dodsworth,Anne
10256,Leverling,Janet
10257,Peacock,Margaret
10258,Davolio,Nancy
10259,Peacock,Margaret
10260,Peacock,Margaret
10261,Peacock,Margaret
10262,Callahan,Laura
10263,Dodsworth,Anne
10264,Suyama,Michael
10265,Fuller,Andrew
10266,Leverling,Janet
10267,Peacock,Margaret
10268,Callahan,Laura
10269,Buchanan,Steven
10270,Davolio,Nancy
10271,Suyama,Michael
10272,Suyama,Michael
10273,Leverling,Janet
10274,Suyama,Michael
10275,Davolio,Nancy
10276,Callahan,Laura
10277,Fuller,Andrew
10278,Callahan,Laura
10279,Callahan,Laura
10280,Fuller,Andrew
10281,Peacock,Margaret
10282,Peacock,Margaret
10283,Leverling,Janet
10284,Peacock,Margaret
10285,Davolio,Nancy
10286,Callahan,Laura
10287,Callahan,Laura
10288,Peacock,Margaret
10289,King,Robert
10290,Callahan,Laura
10291,Suyama,Michael
10292,Davolio,Nancy
10293,Davolio,Nancy
10294,Peacock,Margaret
10295,Fuller,Andrew
10296,Suyama,Michael
10297,Buchanan,Steven
10298,Suyama,Michael
10299,Peacock,Margaret
10300,Fuller,Andrew
10301,Callahan,Laura
10302,Peacock,Margaret
10303,King,Robert
10304,Davolio,Nancy
10305,Callahan,Laura
10306,Davolio,Nancy
10307,Fuller,Andrew
10308,King,Robert
10309,Leverling,Janet
10310,Callahan,Laura
10311,Davolio,Nancy
10312,Fuller,Andrew
10313,Fuller,Andrew
10314,Davolio,Nancy
10315,Peacock,Margaret
10316,Davolio,Nancy
10317,Suyama,Michael
10318,Callahan,Laura
10319,King,Robert
10320,Buchanan,Steven
10321,Leverling,Janet
10322,King,Robert
10323,Peacock,Margaret
10324,Dodsworth,Anne
10325,Davolio,Nancy
10326,Peacock,Margaret
10327,Fuller,Andrew
10328,Peacock,Margaret
10329,Peacock,Margaret
10330,Leverling,Janet
10331,Dodsworth,Anne
10332,Leverling,Janet
10333,Buchanan,Steven
10334,Callahan,Laura
10335,King,Robert
10336,King,Robert
10337,Peacock,Margaret
10338,Peacock,Margaret
10339,Fuller,Andrew
10340,Davolio,Nancy
10341,King,Robert
10342,Peacock,Margaret
10343,Peacock,Margaret
10344,Peacock,Margaret
10345,Fuller,Andrew
10346,Leverling,Janet
10347,Peacock,Margaret
10348,Peacock,Margaret
10349,King,Robert
10350,Suyama,Michael
10351,Davolio,Nancy
10352,Leverling,Janet
10353,King,Robert
10354,Callahan,Laura
10355,Suyama,Michael
10356,Suyama,Michael
10357,Davolio,Nancy
10358,Buchanan,Steven
10359,Buchanan,Steven
10360,Peacock,Margaret
10361,Davolio,Nancy
10362,Leverling,Janet
10363,Peacock,Margaret
10364,Davolio,Nancy
10365,Leverling,Janet
10366,Callahan,Laura
10367,King,Robert
10368,Fuller,Andrew
10369,Callahan,Laura
10370,Suyama,Michael
10371,Davolio,Nancy
10372,Buchanan,Steven
10373,Peacock,Margaret
10374,Davolio,Nancy
10375,Leverling,Janet
10376,Davolio,Nancy
10377,Davolio,Nancy
10378,Buchanan,Steven
10379,Fuller,Andrew
10380,Callahan,Laura
10381,Leverling,Janet
10382,Peacock,Margaret
10383,Callahan,Laura
10384,Leverling,Janet
10385,Davolio,Nancy
10386,Dodsworth,Anne
10387,Davolio,Nancy
10388,Fuller,Andrew
10389,Peacock,Margaret
10390,Suyama,Michael
10391,Leverling,Janet
10392,Fuller,Andrew
10393,Davolio,Nancy
10394,Davolio,Nancy
10395,Suyama,Michael
10396,Davolio,Nancy
10397,Buchanan,Steven
10398,Fuller,Andrew
10399,Callahan,Laura
10400,Davolio,Nancy
10401,Davolio,Nancy
10402,Callahan,Laura
10403,Peacock,Margaret
10404,Fuller,Andrew
10405,Davolio,Nancy
10406,King,Robert
10407,Fuller,Andrew
10408,Callahan,Laura
10409,Leverling,Janet
10410,Leverling,Janet
10411,Dodsworth,Anne
10412,Callahan,Laura
10413,Leverling,Janet
10414,Fuller,Andrew
10415,Leverling,Janet
10416,Callahan,Laura
10417,Peacock,Margaret
10418,Peacock,Margaret
10419,Peacock,Margaret
10420,Leverling,Janet
10421,Callahan,Laura
10422,Fuller,Andrew
10423,Suyama,Michael
10424,King,Robert
10425,Suyama,Michael
10426,Peacock,Margaret
10427,Peacock,Margaret
10428,King,Robert
10429,Leverling,Janet
10430,Peacock,Margaret
10431,Peacock,Margaret
10432,Leverling,Janet
10433,Leverling,Janet
10434,Leverling,Janet
10435,Callahan,Laura
10436,Leverling,Janet
10437,Callahan,Laura
10438,Leverling,Janet
10439,Suyama,Michael
10440,Peacock,Margaret
10441,Leverling,Janet
10442,Leverling,Janet
10443,Callahan,Laura
10444,Leverling,Janet
10445,Leverling,Janet
10446,Suyama,Michael
10447,Peacock,Margaret
10448,Peacock,Margaret
10449,Leverling,Janet
10450,Callahan,Laura
10451,Peacock,Margaret
10452,Callahan,Laura
10453,Davolio,Nancy
10454,Peacock,Margaret
10455,Callahan,Laura
10456,Callahan,Laura
10457,Fuller,Andrew
10458,King,Robert
10459,Peacock,Margaret
10460,Callahan,Laura
10461,Davolio,Nancy
10462,Fuller,Andrew
10463,Buchanan,Steven
10464,Peacock,Margaret
10465,Davolio,Nancy
10466,Peacock,Margaret
10467,Callahan,Laura
10468,Leverling,Janet
10469,Davolio,Nancy
10470,Peacock,Margaret
10471,Fuller,Andrew
10472,Callahan,Laura
10473,Davolio,Nancy
10474,Buchanan,Steven
10475,Dodsworth,Anne
10476,Callahan,Laura
10477,Buchanan,Steven
10478,Fuller,Andrew
10479,Leverling,Janet
10480,Suyama,Michael
10481,Callahan,Laura
10482,Davolio,Nancy
10483,King,Robert
10484,Leverling,Janet
10485,Peacock,Margaret
10486,Davolio,Nancy
10487,Fuller,Andrew
10488,Callahan,Laura
10489,Suyama,Michael
10490,King,Robert
10491,Callahan,Laura
10492,Leverling,Janet
10493,Peacock,Margaret
10494,Peacock,Margaret
10495,Leverling,Janet
10496,King,Robert
10497,King,Robert
10498,Callahan,Laura
10499,Peacock,Margaret
10500,Suyama,Michael
10501,Dodsworth,Anne
10502,Fuller,Andrew
10503,Suyama,Michael
10504,Peacock,Margaret
10505,Leverling,Janet
10506,Dodsworth,Anne
10507,King,Robert
10508,Davolio,Nancy
10509,Peacock,Margaret
10510,Suyama,Michael
10511,Peacock,Margaret
10512,King,Robert
10513,King,Robert
10514,Leverling,Janet
10515,Fuller,Andrew
10516,Fuller,Andrew
10517,Leverling,Janet
10518,Peacock,Margaret
10519,Suyama,Michael
10520,King,Robert
10521,Callahan,Laura
10522,Peacock,Margaret
10523,King,Robert
10524,Davolio,Nancy
10525,Davolio,Nancy
10526,Peacock,Margaret
10527,King,Robert
10528,Suyama,Michael
10529,Buchanan,Steven
10530,Leverling,Janet
10531,King,Robert
10532,King,Robert
10533,Callahan,Laura
10534,Callahan,Laura
10535,Peacock,Margaret
10536,Leverling,Janet
10537,Davolio,Nancy
10538,Dodsworth,Anne
10539,Suyama,Michael
10540,Leverling,Janet
10541,Fuller,Andrew
10542,Davolio,Nancy
10543,Callahan,Laura
10544,Peacock,Margaret
10545,Callahan,Laura
10546,Davolio,Nancy
10547,Leverling,Janet
10548,Leverling,Janet
10549,Buchanan,Steven
10550,King,Robert
10551,Peacock,Margaret
10552,Fuller,Andrew
10553,Fuller,Andrew
10554,Peacock,Margaret
10555,Suyama,Michael
10556,Fuller,Andrew
10557,Dodsworth,Anne
10558,Davolio,Nancy
10559,Suyama,Michael
10560,Callahan,Laura
10561,Fuller,Andrew
10562,Davolio,Nancy
10563,Fuller,Andrew
10564,Peacock,Margaret
10565,Callahan,Laura
10566,Dodsworth,Anne
10567,Davolio,Nancy
10568,Leverling,Janet
10569,Buchanan,Steven
10570,Leverling,Janet
10571,Callahan,Laura
10572,Leverling,Janet
10573,King,Robert
10574,Peacock,Margaret
10575,Buchanan,Steven
10576,Leverling,Janet
10577,Dodsworth,Anne
10578,Peacock,Margaret
10579,Davolio,Nancy
10580,Peacock,Margaret
10581,Leverling,Janet
10582,Leverling,Janet
10583,Fuller,Andrew
10584,Peacock,Margaret
10585,King,Robert
10586,Dodsworth,Anne
10587,Davolio,Nancy
10588,Fuller,Andrew
10589,Callahan,Laura
10590,Peacock,Margaret
10591,Davolio,Nancy
10592,Leverling,Janet
10593,King,Robert
10594,Leverling,Janet
10595,Fuller,Andrew
10596,Callahan,Laura
10597,King,Robert
10598,Davolio,Nancy
10599,Suyama,Michael
10600,Peacock,Margaret
10601,King,Robert
10602,Callahan,Laura
10603,Callahan,Laura
10604,Davolio,Nancy
10605,Davolio,Nancy
10606,Peacock,Margaret
10607,Buchanan,Steven
10608,Peacock,Margaret
10609,King,Robert
10610,Callahan,Laura
10611,Suyama,Michael
10612,Davolio,Nancy
10613,Peacock,Margaret
10614,Callahan,Laura
10615,Fuller,Andrew
10616,Davolio,Nancy
10617,Peacock,Margaret
10618,Davolio,Nancy
10619,Leverling,Janet
10620,Fuller,Andrew
10621,Peacock,Margaret
10622,Peacock,Margaret
10623,Callahan,Laura
10624,Peacock,Margaret
10625,Leverling,Janet
10626,Davolio,Nancy
10627,Callahan,Laura
10628,Peacock,Margaret
10629,Peacock,Margaret
10630,Davolio,Nancy
10631,Callahan,Laura
10632,Callahan,Laura
10633,King,Robert
10634,Peacock,Margaret
10635,Callahan,Laura
10636,Peacock,Margaret
10637,Suyama,Michael
10638,Leverling,Janet
10639,King,Robert
10640,Peacock,Margaret
10641,Peacock,Margaret
10642,King,Robert
10643,Suyama,Michael
10644,Leverling,Janet
10645,Peacock,Margaret
10646,Dodsworth,Anne
10647,Peacock,Margaret
10648,Buchanan,Steven
10649,Buchanan,Steven
10650,Buchanan,Steven
10651,Callahan,Laura
10652,Peacock,Margaret
10653,Davolio,Nancy
10654,Buchanan,Steven
10655,Davolio,Nancy
10656,Suyama,Michael
10657,Fuller,Andrew
10658,Peacock,Margaret
10659,King,Robert
10660,Callahan,Laura
10661,King,Robert
10662,Leverling,Janet
10663,Fuller,Andrew
10664,Davolio,Nancy
10665,Davolio,Nancy
10666,King,Robert
10667,King,Robert
10668,Davolio,Nancy
10669,Fuller,Andrew
10670,Peacock,Margaret
10671,Davolio,Nancy
10672,Dodsworth,Anne
10673,Fuller,Andrew
10674,Peacock,Margaret
10675,Buchanan,Steven
10676,Fuller,Andrew
10677,Davolio,Nancy
10678,King,Robert
10679,Callahan,Laura
10680,Davolio,Nancy
10681,Leverling,Janet
10682,Leverling,Janet
10683,Fuller,Andrew
10684,Leverling,Janet
10685,Peacock,Margaret
10686,Fuller,Andrew
10687,Dodsworth,Anne
10688,Peacock,Margaret
10689,Davolio,Nancy
10690,Davolio,Nancy
10691,Fuller,Andrew
10692,Peacock,Margaret
10693,Leverling,Janet
10694,Callahan,Laura
10695,King,Robert
10696,Callahan,Laura
10697,Leverling,Janet
10698,Peacock,Margaret
10699,Leverling,Janet
10700,Leverling,Janet
10701,Suyama,Michael
10702,Peacock,Margaret
10703,Suyama,Michael
10704,Suyama,Michael
10705,Dodsworth,Anne
10706,Callahan,Laura
10707,Peacock,Margaret
10708,Suyama,Michael
10709,Davolio,Nancy
10710,Davolio,Nancy
10711,Buchanan,Steven
10712,Leverling,Janet
10713,Davolio,Nancy
10714,Buchanan,Steven
10715,Leverling,Janet
10716,Peacock,Margaret
10717,Davolio,Nancy
10718,Davolio,Nancy
10719,Callahan,Laura
10720,Callahan,Laura
10721,Buchanan,Steven
10722,Callahan,Laura
10723,Leverling,Janet
10724,Callahan,Laura
10725,Peacock,Margaret
10726,Peacock,Margaret
10727,Fuller,Andrew
10728,Peacock,Margaret
10729,Callahan,Laura
10730,Buchanan,Steven
10731,King,Robert
10732,Leverling,Janet
10733,Davolio,Nancy
10734,Fuller,Andrew
10735,Suyama,Michael
10736,Dodsworth,Anne
10737,Fuller,Andrew
10738,Fuller,Andrew
10739,Leverling,Janet
10740,Peacock,Margaret
10741,Peacock,Margaret
10742,Leverling,Janet
10743,Davolio,Nancy
10744,Suyama,Michael
10745,Dodsworth,Anne
10746,Davolio,Nancy
10747,Suyama,Michael
10748,Leverling,Janet
10749,Peacock,Margaret
10750,Dodsworth,Anne
10751,Leverling,Janet
10752,Fuller,Andrew
10753,Leverling,Janet
10754,Suyama,Michael
10755,Peacock,Margaret
10756,Callahan,Laura
10757,Suyama,Michael
10758,Leverling,Janet
10759,Leverling,Janet
10760,Peacock,Margaret
10761,Buchanan,Steven
10762,Leverling,Janet
10763,Leverling,Janet
10764,Suyama,Michael
10765,Leverling,Janet
10766,Peacock,Margaret
10767,Peacock,Margaret
10768,Leverling,Janet
10769,Leverling,Janet
10770,Callahan,Laura
10771,Dodsworth,Anne
10772,Leverling,Janet
10773,Davolio,Nancy
10774,Peacock,Margaret
10775,King,Robert
10776,Davolio,Nancy
10777,King,Robert
10778,Leverling,Janet
10779,Leverling,Janet
10780,Fuller,Andrew
10781,Fuller,Andrew
10782,Dodsworth,Anne
10783,Peacock,Margaret
10784,Peacock,Margaret
10785,Davolio,Nancy
10786,Callahan,Laura
10787,Fuller,Andrew
10788,Davolio,Nancy
10789,Davolio,Nancy
10790,Suyama,Michael
10791,Suyama,Michael
10792,Davolio,Nancy
10793,Leverling,Janet
10794,Suyama,Michael
10795,Callahan,Laura
10796,Leverling,Janet
10797,King,Robert
10798,Fuller,Andrew
10799,Dodsworth,Anne
10800,Davolio,Nancy
10801,Peacock,Margaret
10802,Peacock,Margaret
10803,Peacock,Margaret
10804,Suyama,Michael
10805,Fuller,Andrew
10806,Leverling,Janet
10807,Peacock,Margaret
10808,Fuller,Andrew
10809,King,Robert
10810,Fuller,Andrew
10811,Callahan,Laura
10812,Buchanan,Steven
10813,Davolio,Nancy
10814,Leverling,Janet
10815,Fuller,Andrew
10816,Peacock,Margaret
10817,Leverling,Janet
10818,King,Robert
10819,Fuller,Andrew
10820,Leverling,Janet
10821,Davolio,Nancy
10822,Suyama,Michael
10823,Buchanan,Steven
10824,Callahan,Laura
10825,Davolio,Nancy
10826,Suyama,Michael
10827,Davolio,Nancy
10828,Dodsworth,Anne
10829,Dodsworth,Anne
10830,Peacock,Margaret
10831,Leverling,Janet
10832,Fuller,Andrew
10833,Suyama,Michael
10834,Davolio,Nancy
10835,Davolio,Nancy
10836,King,Robert
10837,Dodsworth,Anne
10838,Leverling,Janet
10839,Leverling,Janet
10840,Peacock,Margaret
10841,Buchanan,Steven
10842,Davolio,Nancy
10843,Peacock,Margaret
10844,Callahan,Laura
10845,Callahan,Laura
10846,Fuller,Andrew
10847,Peacock,Margaret
10848,King,Robert
10849,Dodsworth,Anne
10850,Davolio,Nancy
10851,Buchanan,Steven
10852,Callahan,Laura
10853,Dodsworth,Anne
10854,Leverling,Janet
10855,Leverling,Janet
10856,Leverling,Janet
10857,Callahan,Laura
10858,Fuller,Andrew
10859,Davolio,Nancy
10860,Leverling,Janet
10861,Peacock,Margaret
10862,Callahan,Laura
10863,Peacock,Margaret
10864,Peacock,Margaret
10865,Fuller,Andrew
10866,Buchanan,Steven
10867,Suyama,Michael
10868,King,Robert
10869,Buchanan,Steven
10870,Buchanan,Steven
10871,Dodsworth,Anne
10872,Buchanan,Steven
10873,Peacock,Margaret
10874,Buchanan,Steven
10875,Peacock,Margaret
10876,King,Robert
10877,Davolio,Nancy
10878,Peacock,Margaret
10879,Leverling,Janet
10880,King,Robert
10881,Peacock,Margaret
10882,Peacock,Margaret
10883,Callahan,Laura
10884,Peacock,Margaret
10885,Suyama,Michael
10886,Davolio,Nancy
10887,Callahan,Laura
10888,Davolio,Nancy
10889,Dodsworth,Anne
10890,King,Robert
10891,King,Robert
10892,Peacock,Margaret
10893,Dodsworth,Anne
10894,Davolio,Nancy
10895,Leverling,Janet
10896,King,Robert
10897,Leverling,Janet
10898,Peacock,Margaret
10899,Buchanan,Steven
10900,Davolio,Nancy
10901,Peacock,Margaret
10902,Davolio,Nancy
10903,Leverling,Janet
10904,Leverling,Janet
10905,Dodsworth,Anne
10906,Peacock,Margaret
10907,Suyama,Michael
10908,Peacock,Margaret
10909,Davolio,Nancy
10910,Davolio,Nancy
10911,Leverling,Janet
10912,Fuller,Andrew
10913,Peacock,Margaret
10914,Suyama,Michael
10915,Fuller,Andrew
10916,Davolio,Nancy
10917,Peacock,Margaret
10918,Leverling,Janet
10919,Fuller,Andrew
10920,Peacock,Margaret
10921,Davolio,Nancy
10922,Buchanan,Steven
10923,King,Robert
10924,Leverling,Janet
10925,Leverling,Janet
10926,Peacock,Margaret
10927,Peacock,Margaret
10928,Davolio,Nancy
10929,Suyama,Michael
10930,Peacock,Margaret
10931,Peacock,Margaret
10932,Callahan,Laura
10933,Suyama,Michael
10934,Leverling,Janet
10935,Peacock,Margaret
10936,Leverling,Janet
10937,King,Robert
10938,Leverling,Janet
10939,Fuller,Andrew
10940,Callahan,Laura
10941,King,Robert
10942,Dodsworth,Anne
10943,Peacock,Margaret
10944,Suyama,Michael
10945,Peacock,Margaret
10946,Davolio,Nancy
10947,Leverling,Janet
10948,Leverling,Janet
10949,Fuller,Andrew
10950,Davolio,Nancy
10951,Dodsworth,Anne
10952,Davolio,Nancy
10953,Dodsworth,Anne
10954,Buchanan,Steven
10955,Callahan,Laura
10956,Suyama,Michael
10957,Callahan,Laura
10958,King,Robert
10959,Suyama,Michael
10960,Leverling,Janet
10961,Callahan,Laura
10962,Callahan,Laura
10963,Dodsworth,Anne
10964,Leverling,Janet
10965,Suyama,Michael
10966,Peacock,Margaret
10967,Fuller,Andrew
10968,Davolio,Nancy
10969,Davolio,Nancy
10970,Dodsworth,Anne
10971,Fuller,Andrew
10972,Peacock,Margaret
10973,Suyama,Michael
10974,Leverling,Janet
10975,Davolio,Nancy
10976,Davolio,Nancy
10977,Callahan,Laura
10978,Dodsworth,Anne
10979,Callahan,Laura
10980,Peacock,Margaret
10981,Davolio,Nancy
10982,Fuller,Andrew
10983,Fuller,Andrew
10984,Davolio,Nancy
10985,Fuller,Andrew
10986,Callahan,Laura
10987,Callahan,Laura
10988,Leverling,Janet
10989,Fuller,Andrew
10990,Fuller,Andrew
10991,Davolio,Nancy
10992,Davolio,Nancy
10993,King,Robert
10994,Fuller,Andrew
10995,Davolio,Nancy
10996,Peacock,Margaret
10997,Callahan,Laura
10998,Callahan,Laura
10999,Suyama,Michael
11000,Fuller,Andrew
11001,Fuller,Andrew
11002,Peacock,Margaret
11003,Leverling,Janet
11004,Leverling,Janet
11005,Fuller,Andrew
11006,Leverling,Janet
11007,Callahan,Laura
11008,King,Robert
11009,Fuller,Andrew
11010,Fuller,Andrew
11011,Leverling,Janet
11012,Davolio,Nancy
11013,Fuller,Andrew
11014,Fuller,Andrew
11015,Fuller,Andrew
11016,Dodsworth,Anne
11017,Dodsworth,Anne
11018,Peacock,Margaret
11019,Suyama,Michael
11020,Fuller,Andrew
11021,Leverling,Janet
11022,Dodsworth,Anne
11023,Davolio,Nancy
11024,Peacock,Margaret
11025,Suyama,Michael
11026,Peacock,Margaret
11027,Davolio,Nancy
11028,Fuller,Andrew
11029,Peacock,Margaret
11030,King,Robert
11031,Suyama,Michael
11032,Fuller,Andrew
11033,King,Robert
11034,Callahan,Laura
11035,Fuller,Andrew
11036,Callahan,Laura
11037,King,Robert
11038,Davolio,Nancy
11039,Davolio,Nancy
11040,Peacock,Margaret
11041,Leverling,Janet
11042,Fuller,Andrew
11043,Buchanan,Steven
11044,Peacock,Margaret
11045,Suyama,Michael
11046,Callahan,Laura
11047,King,Robert
11048,King,Robert
11049,Leverling,Janet
11050,Callahan,Laura
11051,King,Robert
11052,Leverling,Janet
11053,Fuller,Andrew
11054,Callahan,Laura
11055,King,Robert
11056,Callahan,Laura
11057,Leverling,Janet
11058,Dodsworth,Anne
11059,Fuller,Andrew
11060,Fuller,Andrew
11061,Peacock,Margaret
11062,Peacock,Margaret
11063,Leverling,Janet
11064,Davolio,Nancy
11065,Callahan,Laura
11066,King,Robert
11067,Davolio,Nancy
11068,Callahan,Laura
11069,Davolio,Nancy
11070,Fuller,Andrew
11071,Davolio,Nancy
11072,Peacock,Margaret
11073,Fuller,Andrew
11074,King,Robert
11075,Callahan,Laura
11076,Peacock,Margaret
11077,Davolio,Nancy
